sp|P36949.2|	RecName: Full=Ribose import binding protein RbsB; Flags: Precursor [Bacillus subtilis subsp. subtilis str. 168]	28.507	221	102	322	7.73e-20	92.0	61
sp|A0QYB5.1|	RecName: Full=D-threitol-binding protein; Flags: Precursor [Mycolicibacterium smegmatis MC2 155]	31.461	178	97	272	1.32e-19	92.0	49
sp|A0QYB3.1|	RecName: Full=Xylitol-binding protein; Flags: Precursor [Mycolicibacterium smegmatis MC2 155]	29.947	187	88	272	6.13e-17	84.3	51
sp|P02925.1|	RecName: Full=Ribose import binding protein RbsB; Flags: Precursor [Escherichia coli K-12]	23.377	231	102	331	3.79e-14	75.5	64
sp|P0A2C5.1|	RecName: Full=Ribose import binding protein RbsB; Flags: Precursor [Salmonella enterica subsp. enterica serovar Typhimurium str. LT2]	22.624	221	102	321	1.73e-13	73.6	61
sp|Q9I2F8.1|	RecName: Full=D-ribose/D-allose-binding protein; Flags: Precursor [Pseudomonas aeruginosa PAO1]	26.744	172	100	265	9.35e-13	71.6	46
sp|P39325.1|	RecName: Full=Galactofuranose-binding protein YtfQ; Flags: Precursor [Escherichia coli K-12]	24.771	218	57	265	5.33e-11	66.2	58
sp|B1G898.1|	RecName: Full=D-apiose import binding protein; AltName: Full=D-apiose binding SBP; Flags: Precursor [Paraburkholderia graminis C4D1M]	24.889	225	78	294	3.30e-10	63.9	60
sp|B9JK76.1|	RecName: Full=D-apiose import binding protein; AltName: Full=D-apiose binding SBP; Flags: Precursor [Rhizobium rhizogenes K84]	28.125	192	78	265	8.80e-10	62.8	52
sp|A6VKQ8.1|	RecName: Full=D-apiose import binding protein; AltName: Full=D-apiose binding SBP; Flags: Precursor [Actinobacillus succinogenes 130Z]	26.020	196	78	269	6.09e-09	60.1	53
sp|Q2JZQ5.1|	RecName: Full=D-apiose import binding protein; AltName: Full=D-apiose binding SBP; Flags: Precursor [Rhizobium etli CFN 42]	26.562	192	78	265	9.96e-09	59.3	52
sp|P39265.1|	RecName: Full=D-allose-binding periplasmic protein; Short=ALBP; Flags: Precursor [Escherichia coli K-12]	26.316	171	106	267	2.41e-08	58.2	45
sp|P44737.1|	RecName: Full=Ribose import binding protein RbsB; Flags: Precursor [Haemophilus influenzae Rd KW20]	22.981	161	104	264	1.89e-07	55.5	44
sp|P77269.1|	RecName: Full=ABC transporter periplasmic-binding protein YphF; Flags: Precursor [Escherichia coli K-12]	24.479	192	86	262	3.96e-07	54.7	49
sp|P49308.1|	RecName: Full=Putative rhizopine-binding protein; Flags: Precursor [Sinorhizobium meliloti]	25.263	190	93	274	1.06e-04	47.0	50
sp|P36944.2|	RecName: Full=Ribose operon repressor [Bacillus subtilis subsp. subtilis str. 168]	25.000	184	75	258	2.18e-04	46.2	51
sp|Q8G848.1|	RecName: Full=Fructose import binding protein FruE; Flags: Precursor [Bifidobacterium longum NCC2705]	22.491	289	49	320	2.69e-04	45.8	75
