cod	iptm	rs_media	rs_sd	rs_min	rs_max	dist_max_A	contactos_min
BGC	0.97	0.9581731435479743	0.0053650840040434244	0.9433977560906047	0.9651684163087988	2.1400871	7
RIP	0.97	0.9627383606194677	0.0018799063762899298	0.957156976159667	0.9662497964877844	1.9426032	7
ALL	0.97	0.9583260415876176	0.006675459304156186	0.9458288269625958	0.9676849918758152	1.7843821	7
INS	0.96	0.9578781470376615	0.004199771845794481	0.9476364225357956	0.9621387668293079	1.899387	7
AHR	0.98	0.9708882603607695	0.006474419700331161	0.9514013888433697	0.9757692492619042	1.8844143	7
GZL	0.97	0.9615373827296516	0.00479670425080864	0.949570554796531	0.966555728863306	1.9917758	7
WEB	0.96	0.9509909042178049	0.005715116807063688	0.9411162961457942	0.9611690948333357	2.1540244	7
3VB	0.95	0.9493448321553856	0.002695816364580394	0.9436173247110794	0.9544647285245835	1.7522241	6
GAL	0.97	0.9577489692118827	0.00660685436724372	0.94619836160583	0.9677977953385257	1.7815409	7
PAV	0.96	0.9553012899967457	0.00572610110897153	0.944384266157374	0.9619541648358154	1.8759937	7
XYP	0.97	0.9625890061493175	0.0018351503387245267	0.956979047485754	0.9651951317049106	1.9538567	7
