	nombre	vina	vina_sd	boltz_rs	boltz_sd	iptm	p_vina	p_boltz	delta	g_vina	g_boltz	pose_rmsd	pose_dcen	iptm_m	iptm_sd	iptm_min	iptm_max	p_iptm
XYP	β-D-xilopiranosa	-6.4077	0.0076	0.9626	0.0018	0.97	1	5	4	1	1	1.5422	1.3513	0.9606666666666669	0.002581988897471613	0.96	0.97	4
ARA	α-L-arabinopiranosa	-6.1447	0.0118	0.9629	0.0017	0.97	2	3	1	2	1	1.6271	1.2416	0.9606666666666669	0.002581988897471613	0.96	0.97	4
HPA	hipoxantina (señuelo)	-6.1017	0.004	0.9611	0.0043	0.97	3	7	4	3	1	2.016	1.023	0.9606666666666668	0.007037315505489975	0.94	0.97	7
INS	mio-inositol (señuelo)	-6.091	0.0035	0.9579	0.0042	0.96	4	10	6	4	1	1.0614	0.613	0.956666666666667	0.006172133998483682	0.94	0.96	10
GAL	β-D-galactopiranosa	-6.0493	0.011	0.9577	0.0066	0.97	5	11	6	5	1	1.3528	0.7795	0.9559999999999998	0.010555973258234961	0.94	0.97	11
RIP	β-D-ribopiranosa	-6.0027	0.0046	0.9627	0.0019	0.97	6	4	-2	6	1	1.6119	1.3176	0.9606666666666669	0.002581988897471613	0.96	0.97	4
ALL	β-D-alopiranosa	-5.949	0.0036	0.9583	0.0067	0.97	7	8	1	7	1	1.5163	0.7202	0.9573333333333334	0.010327955589886454	0.94	0.97	8
GZL	β-D-galactofuranosa	-5.7827	0.0075	0.9615	0.0048	0.97	8	6	-2	8	1	1.4685	0.466	0.9626666666666667	0.007037315505489974	0.95	0.97	3
PAV	D-apiosa	-5.7513	0.0112	0.9553	0.0057	0.96	9	12	3	9	1	1.8011	1.0997	0.954	0.008280786712108258	0.94	0.96	12
FRU	β-D-fructofuranosa	-5.725	0.002	0.9456	0.0091	0.96	10	15	5	10	1	1.9819	1.3333	0.9419999999999998	0.01207121724244432	0.92	0.96	15
BDR	β-D-ribofuranosa	-5.708	0.0026	0.9701	0.009	0.98	11	2	-9	11	1	1.5078	0.9723	0.9733333333333334	0.012344267996967365	0.94	0.98	2
BGC	β-D-glucopiranosa	-5.6473	0.0175	0.9582	0.0054	0.97	12	9	-3	12	1	1.6042	0.96	0.9573333333333333	0.008837151016885376	0.94	0.97	9
AHR	α-L-arabinofuranosa	-5.5047	0.0042	0.9709	0.0065	0.98	13	1	-12	13	1	1.8025	1.3644	0.9753333333333335	0.008338093878327927	0.95	0.98	1
WEB	α-D-psicopiranosa	-5.4553	0.0021	0.951	0.0057	0.96	14	13	-1	14	1	1.528	0.793	0.9486666666666663	0.007432233529572072	0.94	0.96	13
X9X	D-alitol (señuelo)	-5.2283	0.0081	0.9371	0.0096	0.95	15	16	1	15	1	2.0072	1.2485	0.9293333333333332	0.010997835284835838	0.91	0.95	16
3VB	D-treitol	-4.9737	0.0032	0.9493	0.0027	0.95	16	14	-2	16	1	1.4052	0.6394	0.9459999999999997	0.005070925528371104	0.94	0.95	14
