cod	seed	score	dist_A	contactos
3VB	101	-4.975	1.2163796141923218	8
3VB	202	-4.97	1.1994153470108626	8
3VB	303	-4.976	1.3344322154790562	7
AHR	101	-5.506	1.0702289192308967	8
AHR	202	-5.5	1.010492891828244	8
AHR	303	-5.508	0.991858545003163	7
ALL	101	-5.945	0.9191594176489378	8
ALL	202	-5.952	1.1417075709865083	7
ALL	303	-5.95	1.1347656134187498	7
ARA	101	-6.151	1.4623664351750043	8
ARA	202	-6.131	1.4080500780503482	8
ARA	303	-6.152	1.508511151924451	8
BDR	101	-5.707	1.0836273247904769	8
BDR	202	-5.706	1.0403457739195803	8
BDR	303	-5.711	1.1786264339439734	8
BGC	101	-5.63	1.0681045770288056	8
BGC	202	-5.665	1.0819809766733774	8
BGC	303	-5.647	1.150672162083704	8
FRU	101	-5.725	1.3496310371902795	7
FRU	202	-5.723	1.3393304455203903	8
FRU	303	-5.727	1.4225135072402166	8
GAL	101	-6.05	1.0201430608584157	8
GAL	202	-6.06	1.0384441911347402	8
GAL	303	-6.038	1.0807844615544169	8
GZL	101	-5.775	1.399964212412254	8
GZL	202	-5.79	1.3360484112044222	8
GZL	303	-5.783	1.4289837069475968	8
HPA	101	-6.104	1.334880956534338	7
HPA	202	-6.097	1.314459914553834	7
HPA	303	-6.104	1.3303207386281288	7
INS	101	-6.093	1.267698098601315	8
INS	202	-6.093	1.1329435555378824	8
INS	303	-6.087	1.1173633354342263	8
PAV	101	-5.747	1.0720058049946302	7
PAV	202	-5.743	1.2765838248245174	7
PAV	303	-5.764	1.1506442141746043	7
RIP	101	-6.0	1.4085371336646162	7
RIP	202	-6.0	1.443573161371715	7
RIP	303	-6.008	1.2543701847887467	7
WEB	101	-5.456	1.092140782869809	8
WEB	202	-5.457	1.107433299314269	8
WEB	303	-5.453	1.11619239921552	8
X9X	101	-5.227	1.1101737325764722	8
X9X	202	-5.221	1.2026554731223165	8
X9X	303	-5.237	1.1313502696551165	8
XYP	101	-6.406	1.4003239771775586	7
XYP	202	-6.416	1.3092726694881833	7
XYP	303	-6.401	1.3431350589434714	7
